{
 "charts": [],
 "content": "[{\"id\":\"dDnBKQFOso\",\"type\":\"card\",\"data\":{\"card_name\":\"Network Contract\",\"col\":4}}]",
 "creation": "2024-07-27 16:18:11.939983",
 "custom_blocks": [],
 "docstatus": 0,
 "doctype": "Workspace",
 "for_user": "",
 "hide_custom": 0,
 "icon": "upload-lg",
 "idx": 0,
 "indicator_color": "",
 "is_hidden": 0,
 "label": "network Contract",
 "links": [
  {
   "dependencies": "",
   "hidden": 0,
   "is_query_report": 0,
   "label": "Chart of Accounts",
   "link_count": 0,
   "link_to": "Account",
   "link_type": "DocType",
   "onboard": 1,
   "type": "Link"
  },
  {
   "dependencies": "",
   "hidden": 0,
   "is_query_report": 0,
   "label": "Company",
   "link_count": 0,
   "link_to": "Company",
   "link_type": "DocType",
   "onboard": 1,
   "type": "Link"
  },
  {
   "dependencies": "",
   "hidden": 0,
   "is_query_report": 0,
   "label": "Customer",
   "link_count": 0,
   "link_to": "Customer",
   "link_type": "DocType",
   "onboard": 1,
   "type": "Link"
  },
  {
   "dependencies": "",
   "hidden": 0,
   "is_query_report": 0,
   "label": "Supplier",
   "link_count": 0,
   "link_to": "Supplier",
   "link_type": "DocType",
   "onboard": 1,
   "type": "Link"
  },
  {
   "dependencies": "",
   "hidden": 0,
   "is_query_report": 0,
   "label": "Item",
   "link_count": 0,
   "link_to": "Item",
   "link_type": "DocType",
   "onboard": 1,
   "type": "Link"
  },
  {
   "dependencies": "",
   "hidden": 0,
   "is_query_report": 0,
   "label": "Warehouse",
   "link_count": 0,
   "link_to": "Warehouse",
   "link_type": "DocType",
   "onboard": 1,
   "type": "Link"
  },
  {
   "dependencies": "",
   "hidden": 0,
   "is_query_report": 0,
   "label": "Brand",
   "link_count": 0,
   "link_to": "Brand",
   "link_type": "DocType",
   "onboard": 1,
   "type": "Link"
  },
  {
   "dependencies": "",
   "hidden": 0,
   "is_query_report": 0,
   "label": "Unit of Measure (UOM)",
   "link_count": 0,
   "link_to": "UOM",
   "link_type": "DocType",
   "onboard": 1,
   "type": "Link"
  },
  {
   "dependencies": "",
   "hidden": 0,
   "is_query_report": 0,
   "label": "Stock Reconciliation",
   "link_count": 0,
   "link_to": "Stock Reconciliation",
   "link_type": "DocType",
   "onboard": 1,
   "type": "Link"
  },
  {
   "dependencies": "",
   "hidden": 0,
   "is_query_report": 0,
   "label": "Lead",
   "link_count": 0,
   "link_to": "Lead",
   "link_type": "DocType",
   "onboard": 1,
   "type": "Link"
  },
  {
   "dependencies": "",
   "hidden": 0,
   "is_query_report": 0,
   "label": "Customer Group",
   "link_count": 0,
   "link_to": "Customer Group",
   "link_type": "DocType",
   "onboard": 1,
   "type": "Link"
  },
  {
   "dependencies": "",
   "hidden": 0,
   "is_query_report": 0,
   "label": "Territory",
   "link_count": 0,
   "link_to": "Territory",
   "link_type": "DocType",
   "onboard": 1,
   "type": "Link"
  },
  {
   "dependencies": "",
   "hidden": 0,
   "is_query_report": 0,
   "label": "Import Data",
   "link_count": 0,
   "link_to": "Data Import",
   "link_type": "DocType",
   "onboard": 1,
   "type": "Link"
  },
  {
   "dependencies": "",
   "hidden": 0,
   "is_query_report": 0,
   "label": "Opening Invoice Creation Tool",
   "link_count": 0,
   "link_to": "Opening Invoice Creation Tool",
   "link_type": "DocType",
   "onboard": 1,
   "type": "Link"
  },
  {
   "dependencies": "",
   "hidden": 0,
   "is_query_report": 0,
   "label": "Chart of Accounts Importer",
   "link_count": 0,
   "link_to": "Chart of Accounts Importer",
   "link_type": "DocType",
   "onboard": 1,
   "type": "Link"
  },
  {
   "dependencies": "",
   "hidden": 0,
   "is_query_report": 0,
   "label": "Letter Head",
   "link_count": 0,
   "link_to": "Letter Head",
   "link_type": "DocType",
   "onboard": 1,
   "type": "Link"
  },
  {
   "dependencies": "",
   "hidden": 0,
   "is_query_report": 0,
   "label": "Email Account",
   "link_count": 0,
   "link_to": "Email Account",
   "link_type": "DocType",
   "onboard": 1,
   "type": "Link"
  },
  {
   "hidden": 0,
   "is_query_report": 0,
   "label": "Network Contract",
   "link_count": 1,
   "link_type": "DocType",
   "onboard": 0,
   "type": "Card Break"
  },
  {
   "hidden": 0,
   "is_query_report": 0,
   "label": "Maintenance Contract",
   "link_count": 0,
   "link_to": "Net Contract",
   "link_type": "DocType",
   "onboard": 0,
   "type": "Link"
  }
 ],
 "modified": "2024-07-28 11:25:43.238688",
 "modified_by": "Administrator",
 "module": "Newapp",
 "name": "network Contract",
 "number_cards": [],
 "owner": "Administrator",
 "parent_page": "",
 "public": 1,
 "quick_lists": [],
 "restrict_to_domain": "",
 "roles": [],
 "sequence_id": 1.1,
 "shortcuts": [],
 "title": "network Contract"
}