{
 "aggregate_function_based_on": "",
 "color": "#0091ff",
 "creation": "2024-07-28 11:06:58.027200",
 "docstatus": 0,
 "doctype": "Number Card",
 "document_type": "Net Contract",
 "dynamic_filters_json": "[]",
 "filters_json": "[]",
 "function": "Count",
 "idx": 0,
 "is_public": 1,
 "is_standard": 1,
 "label": "Maintenance Contract",
 "modified": "2024-07-28 11:06:58.027200",
 "modified_by": "Administrator",
 "module": "Newapp",
 "name": "Maintenance Contract",
 "owner": "Administrator",
 "parent_document_type": "",
 "report_function": "Sum",
 "show_percentage_stats": 1,
 "stats_time_interval": "Daily",
 "type": "Document Type"
}